std_ID,code_cs_ID,nbre_jetons_niveau1_acquis,nbre_jetons_niveau2_acquis,niveau_atteint_Cs
0,0,4,0,1
1,0,4,0,1
2,0,4,0,1
3,0,0,0,0
4,0,4,0,1
5,0,4,0,1
6,0,4,0,1
7,0,4,0,1
8,0,0,0,0
9,0,4,0,1
10,0,4,0,1
11,0,4,0,1
12,0,4,0,1
13,0,4,0,1
14,0,4,0,1
15,0,4,0,1
16,0,4,0,1
17,0,4,0,1
18,0,4,0,1
19,0,4,0,1
20,0,4,0,1
21,0,4,0,1
22,0,4,0,1
23,0,4,0,1
24,0,4,0,1
25,0,4,0,1
26,0,4,0,1
27,0,4,0,1
28,0,4,0,1
29,0,4,0,1
30,0,4,0,1
31,0,4,0,1
32,0,4,0,1
33,0,4,0,1
34,0,4,0,1
35,0,4,0,1
36,0,4,0,1
37,0,4,0,1
38,0,4,0,1
39,0,4,0,1
40,0,0,0,0
41,0,4,0,1
42,0,4,0,1
43,0,4,0,1
44,0,4,0,1
45,0,4,0,1
46,0,4,0,1
47,0,4,0,1
48,0,4,0,1
49,0,4,0,1
50,0,4,0,1
51,0,4,0,1
52,0,4,0,1
53,0,4,0,1
54,0,4,0,1
55,0,4,0,1
56,0,4,0,1
57,0,4,0,1
58,0,4,0,1
59,0,4,0,1
60,0,4,0,1
61,0,4,0,1
62,0,4,0,1
63,0,4,0,1
64,0,4,0,1
65,0,0,0,0
66,0,4,0,1
67,0,4,0,1
68,0,4,0,1
69,0,4,0,1
70,0,4,0,1
71,0,4,0,1
72,0,4,0,1
73,0,4,0,1
74,0,4,0,1
75,0,4,0,1
76,0,4,0,1
77,0,4,0,1
78,0,4,0,1
79,0,4,0,1
80,0,4,0,1
81,0,4,0,1
82,0,4,0,1
83,0,4,0,1
84,0,4,0,1
85,0,4,0,1
86,0,4,0,1
87,0,4,0,1
88,0,4,0,1
89,0,4,0,1
90,0,4,0,1
91,0,4,0,1
92,0,4,0,1
93,0,4,0,1
94,0,4,0,1
95,0,4,0,1
96,0,4,0,1
97,0,4,0,1
98,0,4,0,1
99,0,4,0,1
100,0,4,0,1
101,0,4,0,1
102,0,4,0,1
103,0,4,0,1
104,0,4,0,1
105,0,4,0,1
106,0,4,0,1
107,0,4,0,1
108,0,4,0,1
109,0,4,0,1
110,0,4,0,1
111,0,4,0,1
112,0,4,0,1
113,0,4,0,1
114,0,4,0,1
115,0,4,0,1
116,0,4,0,1
117,0,4,0,1
118,0,4,0,1
119,0,4,0,1
120,0,0,0,0
121,0,4,0,1
122,0,4,0,1
123,0,4,0,1
124,0,4,0,1
125,0,4,0,1
126,0,4,0,1
127,0,4,0,1
128,0,4,0,1
129,0,4,0,1
130,0,4,0,1
131,0,4,0,1
132,0,4,0,1
133,0,4,0,1
134,0,4,0,1
135,0,4,0,1
136,0,4,0,1
137,0,4,0,1
138,0,4,0,1
139,0,4,0,1
140,0,4,0,1
141,0,4,0,1
142,0,4,0,1
143,0,4,0,1
144,0,4,0,1
145,0,4,0,1
146,0,4,0,1
147,0,4,0,1
148,0,4,0,1
149,0,4,0,1
150,0,4,0,1
151,0,4,0,1
152,0,4,0,1
153,0,4,0,1
154,0,4,0,1
155,0,4,0,1
156,0,0,0,0
157,0,0,0,0
158,0,4,0,1
159,0,4,0,1
160,0,4,0,1
161,0,4,0,1
162,0,4,0,1
163,0,4,0,1
164,0,4,0,1
165,0,4,0,1
166,0,4,0,1
167,0,4,0,1
168,0,4,0,1
169,0,4,0,1
170,0,4,0,1
171,0,4,0,1
172,0,4,0,1
173,0,4,0,1
174,0,4,0,1
175,0,4,0,1
176,0,4,0,1
177,0,4,0,1
178,0,0,0,0
179,0,4,0,1
180,0,4,0,1
181,0,4,0,1
182,0,0,0,0
183,0,4,0,1
184,0,4,0,1
185,0,4,0,1
186,0,4,0,1
187,0,4,0,1
188,0,4,0,1
189,0,4,0,1
190,0,0,0,0
191,0,4,0,1
192,0,4,0,1
193,0,4,0,1
194,0,4,0,1
0,1,4,0,1
1,1,4,0,1
2,1,4,0,1
3,1,4,0,1
4,1,4,0,1
5,1,0,0,0
6,1,4,0,1
7,1,4,0,1
8,1,4,0,1
9,1,4,0,1
10,1,4,0,1
11,1,4,0,1
12,1,4,0,1
13,1,0,0,0
14,1,4,0,1
15,1,4,0,1
16,1,4,0,1
17,1,4,0,1
18,1,4,0,1
19,1,4,0,1
20,1,0,0,0
21,1,4,0,1
22,1,4,0,1
23,1,4,0,1
24,1,4,0,1
25,1,4,0,1
26,1,4,0,1
27,1,4,0,1
28,1,4,0,1
29,1,4,0,1
30,1,4,0,1
31,1,4,0,1
32,1,4,0,1
33,1,4,0,1
34,1,4,0,1
35,1,4,0,1
36,1,4,0,1
37,1,4,0,1
38,1,4,0,1
39,1,4,0,1
40,1,4,0,1
41,1,4,0,1
42,1,4,0,1
43,1,4,0,1
44,1,4,0,1
45,1,4,0,1
46,1,4,0,1
47,1,4,0,1
48,1,4,0,1
49,1,4,0,1
50,1,4,0,1
51,1,0,0,0
52,1,4,0,1
53,1,4,0,1
54,1,4,0,1
55,1,4,0,1
56,1,4,0,1
57,1,4,0,1
58,1,4,0,1
59,1,4,0,1
60,1,4,0,1
61,1,4,0,1
62,1,4,0,1
63,1,4,0,1
64,1,4,0,1
65,1,4,0,1
66,1,4,0,1
67,1,4,0,1
68,1,4,0,1
69,1,4,0,1
70,1,4,0,1
71,1,4,0,1
72,1,4,0,1
73,1,4,0,1
74,1,4,0,1
75,1,4,0,1
76,1,4,0,1
77,1,4,0,1
78,1,4,0,1
79,1,4,0,1
80,1,4,0,1
81,1,4,0,1
82,1,4,0,1
83,1,4,0,1
84,1,4,0,1
85,1,4,0,1
86,1,4,0,1
87,1,4,0,1
88,1,4,0,1
89,1,4,0,1
90,1,4,0,1
91,1,4,0,1
92,1,4,0,1
93,1,4,0,1
94,1,4,0,1
95,1,4,0,1
96,1,4,0,1
97,1,4,0,1
98,1,4,0,1
99,1,4,0,1
100,1,4,0,1
101,1,4,0,1
102,1,4,0,1
103,1,4,0,1
104,1,4,0,1
105,1,4,0,1
106,1,4,0,1
107,1,4,0,1
108,1,4,0,1
109,1,4,0,1
110,1,4,0,1
111,1,4,0,1
112,1,4,0,1
113,1,4,0,1
114,1,4,0,1
115,1,0,0,0
116,1,4,0,1
117,1,4,0,1
118,1,4,0,1
119,1,4,0,1
120,1,4,0,1
121,1,4,0,1
122,1,4,0,1
123,1,4,0,1
124,1,4,0,1
125,1,4,0,1
126,1,4,0,1
127,1,4,0,1
128,1,4,0,1
129,1,4,0,1
130,1,0,0,0
131,1,4,0,1
132,1,4,0,1
133,1,4,0,1
134,1,4,0,1
135,1,4,0,1
136,1,4,0,1
137,1,4,0,1
138,1,4,0,1
139,1,4,0,1
140,1,4,0,1
141,1,4,0,1
142,1,4,0,1
143,1,4,0,1
144,1,4,0,1
145,1,4,0,1
146,1,4,0,1
147,1,4,0,1
148,1,0,0,0
149,1,4,0,1
150,1,4,0,1
151,1,4,0,1
152,1,4,0,1
153,1,0,0,0
154,1,4,0,1
155,1,4,0,1
156,1,0,0,0
157,1,4,0,1
158,1,4,0,1
159,1,4,0,1
160,1,4,0,1
161,1,4,0,1
162,1,4,0,1
163,1,4,0,1
164,1,4,0,1
165,1,4,0,1
166,1,4,0,1
167,1,4,0,1
168,1,4,0,1
169,1,4,0,1
170,1,4,0,1
171,1,4,0,1
172,1,4,0,1
173,1,4,0,1
174,1,4,0,1
175,1,4,0,1
176,1,4,0,1
177,1,4,0,1
178,1,0,0,0
179,1,4,0,1
180,1,4,0,1
181,1,4,0,1
182,1,0,0,0
183,1,4,0,1
184,1,4,0,1
185,1,4,0,1
186,1,4,0,1
187,1,4,0,1
188,1,4,0,1
189,1,4,0,1
190,1,4,0,1
191,1,4,0,1
192,1,4,0,1
193,1,4,0,1
194,1,4,0,1
6,2,4,4,2
42,2,4,4,2
71,2,0,4,2
96,2,4,4,2
98,2,4,4,2
99,2,4,4,2
101,2,4,4,2
103,2,4,4,2
107,2,4,4,2
112,2,4,4,2
114,2,4,4,2
119,2,4,4,2
120,2,4,4,2
121,2,4,4,2
129,2,4,4,2
149,2,4,4,2
154,2,4,4,2
165,2,4,4,2
166,2,4,4,2
168,2,4,4,2
170,2,4,4,2
174,2,4,4,2
176,2,4,4,2
0,2,4,0,1
1,2,4,0,1
2,2,4,0,1
3,2,4,0,1
4,2,0,0,0
5,2,4,0,1
7,2,4,0,1
8,2,4,0,1
9,2,4,0,1
10,2,4,0,1
11,2,4,0,1
12,2,4,0,1
13,2,4,0,1
14,2,4,0,1
15,2,4,0,1
16,2,4,0,1
17,2,4,0,1
18,2,4,0,1
19,2,0,0,0
20,2,4,0,1
21,2,4,0,1
22,2,4,0,1
23,2,4,0,1
24,2,4,0,1
25,2,4,0,1
26,2,4,0,1
27,2,4,0,1
28,2,4,0,1
29,2,4,0,1
30,2,4,0,1
31,2,4,0,1
32,2,4,0,1
33,2,4,0,1
34,2,4,0,1
35,2,4,0,1
36,2,4,0,1
37,2,4,0,1
38,2,4,0,1
39,2,4,0,1
40,2,4,0,1
41,2,4,0,1
43,2,4,0,1
44,2,4,0,1
45,2,4,0,1
46,2,4,0,1
47,2,4,0,1
48,2,4,0,1
49,2,4,0,1
50,2,4,0,1
51,2,4,0,1
52,2,4,0,1
53,2,4,0,1
54,2,4,0,1
55,2,4,0,1
56,2,4,0,1
57,2,4,0,1
58,2,0,0,0
59,2,4,0,1
60,2,4,0,1
61,2,4,0,1
62,2,4,0,1
63,2,4,0,1
64,2,4,0,1
65,2,4,0,1
66,2,4,0,1
67,2,4,0,1
68,2,4,0,1
69,2,4,0,1
70,2,4,0,1
72,2,4,0,1
73,2,4,0,1
74,2,4,0,1
75,2,4,0,1
76,2,4,0,1
77,2,4,0,1
78,2,4,0,1
79,2,4,0,1
80,2,4,0,1
81,2,4,0,1
82,2,4,0,1
83,2,4,0,1
84,2,4,0,1
85,2,4,0,1
86,2,4,0,1
87,2,4,0,1
88,2,4,0,1
89,2,4,0,1
90,2,4,0,1
91,2,4,0,1
92,2,4,0,1
93,2,4,0,1
94,2,4,0,1
95,2,4,0,1
97,2,4,0,1
100,2,4,0,1
102,2,4,0,1
104,2,4,0,1
105,2,4,0,1
106,2,4,0,1
108,2,4,0,1
109,2,4,0,1
110,2,4,0,1
111,2,4,0,1
113,2,4,0,1
115,2,0,0,0
116,2,4,0,1
117,2,4,0,1
118,2,4,0,1
122,2,4,0,1
123,2,4,0,1
124,2,0,0,0
125,2,4,0,1
126,2,4,0,1
127,2,4,0,1
128,2,4,0,1
130,2,4,0,1
131,2,4,0,1
132,2,4,0,1
133,2,4,0,1
134,2,4,0,1
135,2,4,0,1
136,2,4,0,1
137,2,4,0,1
138,2,4,0,1
139,2,4,0,1
140,2,4,0,1
141,2,4,0,1
142,2,4,0,1
143,2,4,0,1
144,2,4,0,1
145,2,4,0,1
146,2,4,0,1
147,2,4,0,1
148,2,4,0,1
150,2,4,0,1
151,2,4,0,1
152,2,4,0,1
153,2,4,0,1
155,2,4,0,1
156,2,0,0,0
157,2,4,0,1
158,2,4,0,1
159,2,4,0,1
160,2,4,0,1
161,2,4,0,1
162,2,4,0,1
163,2,4,0,1
164,2,4,0,1
167,2,4,0,1
169,2,4,0,1
171,2,4,0,1
172,2,4,0,1
173,2,4,0,1
175,2,4,0,1
177,2,4,0,1
178,2,0,0,0
179,2,4,0,1
180,2,4,0,1
181,2,4,0,1
182,2,0,0,0
183,2,4,0,1
184,2,4,0,1
185,2,4,0,1
186,2,4,0,1
187,2,4,0,1
188,2,4,0,1
189,2,4,0,1
190,2,4,0,1
191,2,4,0,1
192,2,4,0,1
193,2,4,0,1
194,2,4,0,1
0,3,4,0,1
3,3,0,0,0
31,3,4,0,1
44,3,4,0,1
54,3,4,0,1
58,3,0,0,0
68,3,0,0,0
100,3,0,0,0
109,3,0,0,0
119,3,4,0,1
129,3,4,0,1
156,3,0,0,0
169,3,4,4,2
172,3,4,0,1
185,3,4,0,1
188,3,0,0,0
189,3,4,0,1
190,3,4,0,1
191,3,4,0,1
1,3,0,0,0
2,3,0,0,0
4,3,0,0,0
8,3,0,0,0
15,3,0,0,0
16,3,0,0,0
19,3,0,0,0
29,3,0,0,0
30,3,0,0,0
36,3,0,0,0
37,3,0,0,0
46,3,0,0,0
47,3,0,0,0
48,3,0,0,0
51,3,0,0,0
57,3,0,0,0
66,3,0,0,0
71,3,0,0,0
74,3,0,0,0
82,3,0,0,0
88,3,0,0,0
91,3,0,0,0
95,3,0,0,0
97,3,0,0,0
101,3,0,0,0
104,3,0,0,0
106,3,4,0,1
107,3,0,0,0
108,3,0,0,0
110,3,0,0,0
111,3,0,0,0
120,3,0,0,0
121,3,0,0,0
122,3,0,0,0
123,3,0,0,0
124,3,0,0,0
125,3,0,0,0
127,3,0,0,0
128,3,0,0,0
131,3,4,0,1
134,3,0,0,0
138,3,0,0,0
139,3,0,0,0
140,3,0,0,0
141,3,4,0,1
142,3,0,0,0
146,3,0,0,0
149,3,0,0,0
150,3,0,0,0
152,3,0,0,0
155,3,0,0,0
157,3,0,0,0
159,3,4,0,1
162,3,0,0,0
163,3,0,0,0
164,3,0,0,0
166,3,0,0,0
167,3,0,0,0
168,3,0,0,0
170,3,0,0,0
171,3,0,0,0
173,3,0,0,0
175,3,0,0,0
178,3,0,0,0
182,3,0,0,0
187,3,0,0,0
193,3,0,0,0
47,4,0,0,0
103,4,4,0,1
107,4,4,0,1
112,4,4,0,1
119,4,4,0,1
120,4,4,0,1
168,4,4,0,1
175,4,4,0,1
176,4,4,0,1
46,4,4,0,1
62,4,4,0,1
64,4,4,0,1
70,4,4,0,1
78,4,4,0,1
145,4,4,0,1
154,4,4,0,1
164,4,4,0,1
172,4,4,0,1
15,5,0,0,0
19,5,0,0,0
26,5,4,0,1
39,5,4,0,1
42,5,4,0,1
47,5,0,0,0
61,5,4,0,1
96,5,4,0,1
97,5,4,4,2
98,5,4,0,1
101,5,4,0,1
102,5,4,0,1
103,5,4,4,2
107,5,4,0,1
112,5,4,0,1
119,5,4,0,1
120,5,4,0,1
121,5,4,0,1
127,5,4,0,1
130,5,4,0,1
134,5,0,0,0
137,5,4,0,1
139,5,4,0,1
142,5,4,0,1
148,5,0,4,2
151,5,4,0,1
152,5,4,4,2
165,5,4,0,1
166,5,4,0,1
168,5,4,0,1
170,5,4,4,2
176,5,4,0,1
193,5,4,0,1
3,5,0,0,0
4,5,0,0,0
7,5,4,0,1
20,5,4,0,1
27,5,4,0,1
28,5,0,0,0
40,5,4,0,1
41,5,4,0,1
43,5,4,0,1
46,5,4,0,1
70,5,4,0,1
106,5,4,0,1
110,5,4,0,1
117,5,4,0,1
118,5,4,0,1
122,5,0,0,0
129,5,4,0,1
131,5,0,0,0
132,5,4,0,1
140,5,4,0,1
147,5,4,0,1
173,5,4,0,1
178,5,0,0,0
181,5,4,0,1
0,6,4,0,1
19,6,0,0,0
29,6,4,0,1
87,6,4,0,1
103,6,4,0,1
107,6,4,0,1
113,6,4,0,1
119,6,4,0,1
130,6,4,0,1
177,6,4,0,1
185,6,4,0,1
0,7,12,16,2
1,7,12,14,1
2,7,8,16,2
3,7,9,16,2
4,7,12,13,1
5,7,8,13,1
6,7,12,8,1
7,7,9,9,1
8,7,8,16,2
9,7,12,16,2
10,7,12,16,2
11,7,12,13,1
12,7,9,16,2
13,7,8,13,1
14,7,12,16,2
15,7,9,4,1
16,7,5,13,1
17,7,8,8,1
18,7,8,13,1
19,7,12,12,1
20,7,12,16,2
21,7,8,16,2
22,7,9,8,1
23,7,12,13,1
24,7,12,8,1
25,7,9,12,1
26,7,12,16,2
27,7,5,12,1
28,7,12,16,2
29,7,12,16,2
30,7,9,13,1
31,7,9,14,1
32,7,12,13,1
33,7,8,12,1
34,7,9,12,1
35,7,12,16,2
36,7,9,8,1
37,7,12,12,1
38,7,12,16,2
39,7,4,8,1
40,7,9,14,1
41,7,0,12,1
42,7,12,12,1
43,7,12,14,1
44,7,12,16,2
45,7,12,16,2
46,7,9,4,1
47,7,12,14,1
48,7,8,16,2
49,7,8,16,2
50,7,8,16,2
51,7,9,8,1
52,7,12,12,1
53,7,9,12,1
54,7,12,12,1
55,7,12,16,2
56,7,12,13,1
57,7,12,16,2
58,7,9,13,1
59,7,12,12,1
60,7,12,16,2
61,7,9,16,2
62,7,12,16,2
63,7,12,16,2
64,7,9,9,1
65,7,5,14,1
66,7,12,16,2
67,7,9,16,2
68,7,9,16,2
69,7,0,14,1
70,7,12,16,2
71,7,12,13,1
72,7,8,8,1
73,7,12,12,1
74,7,12,16,2
75,7,8,16,2
76,7,9,12,1
77,7,12,12,1
78,7,8,13,1
79,7,12,16,2
80,7,12,16,2
81,7,8,16,2
82,7,8,13,1
83,7,12,8,1
84,7,12,9,1
85,7,12,16,2
86,7,9,16,2
87,7,12,14,1
88,7,9,13,1
89,7,5,8,1
90,7,9,13,1
91,7,9,4,1
92,7,8,13,1
93,7,12,10,1
94,7,12,16,2
95,7,8,12,1
96,7,10,13,1
97,7,12,16,2
98,7,12,12,1
99,7,9,12,1
100,7,4,8,1
101,7,8,8,1
102,7,12,8,1
103,7,12,16,2
104,7,4,4,0
105,7,12,16,2
106,7,9,12,1
107,7,5,4,0
108,7,12,16,2
109,7,12,12,1
110,7,12,16,2
111,7,5,8,1
112,7,12,13,1
113,7,12,16,2
114,7,9,13,1
115,7,9,14,1
116,7,12,14,1
117,7,12,13,1
118,7,12,9,1
119,7,12,16,2
120,7,12,16,2
121,7,12,8,1
122,7,12,16,2
123,7,8,12,1
124,7,9,16,2
125,7,12,16,2
126,7,12,16,2
127,7,8,12,1
128,7,12,8,1
129,7,9,16,2
130,7,12,13,1
131,7,12,16,2
132,7,12,13,1
133,7,12,9,1
134,7,12,12,1
135,7,12,16,2
136,7,12,12,1
137,7,9,8,1
138,7,5,12,1
139,7,12,16,2
140,7,12,16,2
141,7,12,16,2
142,7,9,8,1
143,7,12,16,2
144,7,12,13,1
145,7,12,16,2
146,7,12,16,2
147,7,10,16,2
148,7,12,14,1
149,7,12,16,2
150,7,8,16,2
151,7,12,16,2
152,7,12,16,2
153,7,8,16,2
154,7,12,16,2
155,7,12,12,1
156,7,8,0,0
157,7,12,13,1
158,7,12,4,1
159,7,12,16,2
160,7,9,16,2
161,7,9,16,2
162,7,12,16,2
163,7,12,16,2
164,7,8,16,2
165,7,5,12,1
166,7,12,16,2
167,7,4,4,0
168,7,12,12,1
169,7,0,16,2
170,7,12,16,2
171,7,12,16,2
172,7,12,15,1
173,7,12,16,2
174,7,9,16,2
175,7,12,16,2
176,7,9,13,1
177,7,12,16,2
178,7,5,12,1
179,7,5,13,1
180,7,10,12,1
181,7,12,16,2
182,7,12,0,1
183,7,9,16,2
184,7,9,12,1
185,7,12,16,2
186,7,12,16,2
187,7,5,16,2
188,7,5,9,1
189,7,12,12,1
190,7,12,13,1
191,7,12,13,1
192,7,12,14,1
193,7,10,8,1
194,7,4,13,1
0,8,12,4,2
1,8,9,4,2
2,8,4,4,2
3,8,9,4,2
4,8,9,0,0
5,8,8,0,0
6,8,12,4,2
7,8,12,4,2
8,8,5,4,2
9,8,10,4,2
10,8,12,0,1
11,8,12,4,2
12,8,8,4,2
13,8,8,4,2
14,8,12,4,2
15,8,8,4,2
16,8,12,4,2
17,8,4,0,0
18,8,8,4,2
19,8,9,4,2
20,8,8,4,2
21,8,4,4,2
22,8,5,4,2
23,8,12,4,2
24,8,8,4,2
25,8,8,4,2
26,8,8,4,2
27,8,9,4,2
28,8,12,4,2
29,8,12,4,2
30,8,8,4,2
31,8,12,4,2
32,8,9,4,2
33,8,4,4,2
34,8,4,4,2
35,8,12,4,2
36,8,0,4,2
37,8,4,4,2
38,8,10,4,2
39,8,4,4,2
40,8,4,4,2
41,8,4,4,2
42,8,12,4,2
43,8,9,4,2
44,8,8,4,2
45,8,12,4,2
46,8,4,4,2
47,8,9,4,2
48,8,8,4,2
49,8,8,4,2
50,8,4,4,2
51,8,4,0,0
52,8,9,4,2
53,8,4,4,2
54,8,8,4,2
55,8,12,4,2
56,8,12,4,2
57,8,12,4,2
58,8,8,4,2
59,8,12,4,2
60,8,12,4,2
61,8,4,4,2
62,8,8,4,2
63,8,12,4,2
64,8,4,4,2
65,8,8,4,2
66,8,12,4,2
67,8,8,4,2
68,8,12,4,2
69,8,4,4,2
70,8,12,4,2
71,8,9,0,0
72,8,8,4,2
73,8,12,4,2
74,8,10,4,2
75,8,4,4,2
76,8,4,4,2
77,8,9,4,2
78,8,9,4,2
79,8,9,4,2
80,8,12,4,2
81,8,5,4,2
82,8,9,4,2
83,8,12,0,1
84,8,8,4,2
85,8,8,4,2
86,8,8,4,2
87,8,9,4,2
88,8,9,4,2
89,8,9,4,2
90,8,4,4,2
91,8,8,4,2
92,8,8,4,2
93,8,12,4,2
94,8,12,4,2
95,8,4,4,2
96,8,4,4,2
97,8,12,4,2
98,8,12,4,2
99,8,4,4,2
100,8,4,0,0
101,8,5,4,2
102,8,12,4,2
103,8,9,4,2
104,8,8,4,2
105,8,9,4,2
106,8,8,4,2
107,8,8,0,0
108,8,12,4,2
109,8,12,4,2
110,8,12,4,2
111,8,4,4,2
112,8,12,4,2
113,8,9,4,2
114,8,8,4,2
115,8,4,4,2
116,8,12,4,2
117,8,9,4,2
118,8,12,4,2
119,8,12,4,2
120,8,12,4,2
121,8,12,4,2
122,8,9,4,2
123,8,9,0,0
124,8,9,4,2
125,8,9,4,2
126,8,12,4,2
127,8,4,4,2
128,8,8,4,2
129,8,9,4,2
130,8,12,4,2
131,8,9,4,2
132,8,12,4,2
133,8,8,4,2
134,8,9,4,2
135,8,9,4,2
136,8,9,4,2
137,8,4,4,2
138,8,8,0,0
139,8,12,4,2
140,8,9,4,2
141,8,12,4,2
142,8,9,4,2
143,8,12,4,2
144,8,12,4,2
145,8,8,4,2
146,8,8,4,2
147,8,4,4,2
148,8,8,0,0
149,8,12,4,2
150,8,4,4,2
151,8,9,4,2
152,8,12,4,2
153,8,8,4,2
154,8,12,4,2
155,8,8,4,2
156,8,0,0,0
157,8,12,4,2
158,8,12,4,2
159,8,9,4,2
160,8,9,0,0
161,8,9,4,2
162,8,8,4,2
163,8,9,4,2
164,8,8,0,0
165,8,8,4,2
166,8,9,4,2
167,8,8,4,2
168,8,8,4,2
169,8,0,4,2
170,8,12,4,2
171,8,8,4,2
172,8,12,4,2
173,8,12,4,2
174,8,4,4,2
175,8,12,4,2
176,8,9,4,2
177,8,8,4,2
178,8,4,4,2
179,8,4,4,2
180,8,9,4,2
181,8,12,4,2
182,8,8,0,0
183,8,4,4,2
184,8,4,0,0
185,8,8,4,2
186,8,8,4,2
187,8,8,4,2
188,8,8,4,2
189,8,12,4,2
190,8,12,0,1
191,8,12,4,2
192,8,12,4,2
193,8,5,4,2
194,8,4,4,2
0,9,0,12,2
1,9,4,12,2
2,9,0,12,2
3,9,0,12,2
4,9,4,10,1
5,9,0,12,2
6,9,0,12,2
7,9,4,12,2
8,9,0,12,2
9,9,4,12,2
10,9,4,9,1
11,9,4,12,2
12,9,0,12,2
13,9,0,12,2
14,9,4,12,2
15,9,4,12,2
16,9,4,12,2
17,9,0,8,1
18,9,0,12,2
19,9,4,12,2
20,9,4,12,2
21,9,0,12,2
22,9,0,12,2
23,9,4,12,2
24,9,4,12,2
25,9,0,12,2
26,9,4,12,2
27,9,0,12,2
28,9,4,12,2
29,9,4,12,2
30,9,4,12,2
31,9,4,12,2
32,9,4,12,2
33,9,0,12,2
34,9,0,12,2
35,9,4,12,2
36,9,0,12,2
37,9,0,12,2
38,9,4,12,2
39,9,0,12,2
40,9,0,12,2
41,9,0,12,2
42,9,4,12,2
43,9,4,12,2
44,9,4,12,2
45,9,4,12,2
46,9,0,12,2
47,9,4,12,2
48,9,4,12,2
49,9,4,12,2
50,9,0,12,2
51,9,0,8,1
52,9,4,12,2
53,9,0,12,2
54,9,4,12,2
55,9,4,12,2
56,9,4,12,2
57,9,4,12,2
58,9,0,12,2
59,9,4,12,2
60,9,4,12,2
61,9,0,12,2
62,9,4,12,2
63,9,4,12,2
64,9,0,12,2
65,9,0,12,2
66,9,4,12,2
67,9,4,12,2
68,9,4,12,2
69,9,0,12,2
70,9,4,12,2
71,9,4,12,2
72,9,0,12,2
73,9,4,12,2
74,9,4,12,2
75,9,0,12,2
76,9,0,12,2
77,9,4,12,2
78,9,4,12,2
79,9,4,12,2
80,9,4,12,2
81,9,4,12,2
82,9,0,12,2
83,9,4,12,2
84,9,0,12,2
85,9,4,12,2
86,9,4,12,2
87,9,4,12,2
88,9,4,12,2
89,9,0,12,2
90,9,0,12,2
91,9,4,12,2
92,9,4,12,2
93,9,4,12,2
94,9,4,12,2
95,9,0,12,2
96,9,0,12,2
97,9,4,12,2
98,9,4,12,2
99,9,0,12,2
100,9,0,12,2
101,9,0,8,1
102,9,4,12,2
103,9,0,12,2
104,9,0,12,2
105,9,4,12,2
106,9,4,12,2
107,9,4,12,2
108,9,4,12,2
109,9,4,12,2
110,9,4,12,2
111,9,0,12,2
112,9,4,12,2
113,9,4,12,2
114,9,0,8,1
115,9,0,12,2
116,9,4,12,2
117,9,4,12,2
118,9,4,12,2
119,9,4,12,2
120,9,4,12,2
121,9,4,12,2
122,9,4,12,2
123,9,4,8,1
124,9,0,12,2
125,9,4,12,2
126,9,4,12,2
127,9,0,12,2
128,9,4,12,2
129,9,0,12,2
130,9,4,12,2
131,9,4,12,2
132,9,4,12,2
133,9,4,12,2
134,9,4,12,2
135,9,4,12,2
136,9,4,12,2
137,9,0,12,2
138,9,0,12,2
139,9,4,12,2
140,9,4,12,2
141,9,4,12,2
142,9,0,12,2
143,9,4,12,2
144,9,4,12,2
145,9,4,12,2
146,9,4,12,2
147,9,0,12,2
148,9,4,12,2
149,9,4,12,2
150,9,0,12,2
151,9,4,12,2
152,9,4,12,2
153,9,0,12,2
154,9,4,12,2
155,9,4,12,2
156,9,0,0,0
157,9,0,12,2
158,9,4,12,2
159,9,4,12,2
160,9,0,12,2
161,9,4,12,2
162,9,0,12,2
163,9,4,12,2
164,9,0,8,1
165,9,0,12,2
166,9,4,12,2
167,9,4,12,2
168,9,4,12,2
169,9,0,12,2
170,9,4,12,2
171,9,4,12,2
172,9,4,12,2
173,9,4,12,2
174,9,0,12,2
175,9,4,12,2
176,9,0,12,2
177,9,4,12,2
178,9,0,12,2
179,9,0,12,2
180,9,4,12,2
181,9,4,12,2
182,9,4,0,1
183,9,0,12,2
184,9,0,12,2
185,9,4,12,2
186,9,4,12,2
187,9,0,12,2
188,9,0,12,2
189,9,4,12,2
190,9,4,8,1
191,9,4,12,2
192,9,4,12,2
193,9,4,12,2
194,9,4,12,2
195,2,4,0,1
196,2,4,4,2
197,2,4,4,2
198,2,4,0,1
199,2,0,0,0
200,2,4,0,1
201,2,4,0,1
202,2,4,4,2
203,2,4,0,1
204,2,4,0,1
205,2,4,4,2
206,2,4,0,1
207,2,4,0,1
208,2,4,0,1
209,2,4,0,1
210,2,4,0,1
211,2,4,0,1
212,2,4,4,2
213,2,0,0,0
214,2,4,0,1
215,2,0,0,0
216,2,4,0,1
217,2,4,0,1
218,2,4,0,1
219,2,0,0,0
220,2,4,4,2
221,2,4,4,2
222,2,4,0,1
223,2,0,0,0
224,2,4,0,1
225,2,4,0,1
226,2,4,4,2
227,2,4,0,1
228,2,4,0,1
229,2,4,0,1
230,2,4,0,1
231,2,4,0,1
232,2,4,0,1
233,2,4,0,1
234,2,4,0,1
235,2,4,0,1
236,2,4,0,1
237,2,4,0,1
238,2,4,0,1
239,2,4,0,1
240,2,4,0,1
241,2,4,0,1
242,2,4,0,1
243,2,4,0,1
244,2,4,0,1
245,2,4,0,1
246,2,4,0,1
247,2,4,0,1
248,2,4,0,1
249,2,4,0,1
250,2,4,0,1
251,2,4,0,1
228,3,4,0,1
197,3,4,4,2
252,3,4,0,1
253,3,4,0,1
254,3,4,4,2
255,3,4,0,1
214,3,0,4,2
256,3,4,4,2
257,3,4,0,1
258,3,4,0,1
259,3,4,0,1
221,3,4,4,2
222,3,0,0,0
223,3,4,4,2
260,3,4,4,2
249,3,4,4,2
261,3,4,4,2
262,3,4,4,2
251,3,4,0,1
263,3,4,0,1
264,3,4,0,1
195,3,4,0,1
265,3,4,0,1
196,3,4,0,1
266,3,0,0,0
267,3,4,0,1
199,3,0,0,0
268,3,0,0,0
201,3,4,0,1
269,3,4,0,1
205,3,4,0,1
270,3,0,0,0
206,3,0,0,0
271,3,4,0,1
272,3,4,0,1
209,3,0,0,0
273,3,4,0,1
235,3,4,0,1
237,3,4,0,1
274,3,4,0,1
213,3,4,0,1
238,3,4,0,1
275,3,4,0,1
276,3,0,0,0
277,3,4,0,1
241,3,4,0,1
278,3,4,0,1
242,3,4,0,1
243,3,4,0,1
244,3,0,0,0
216,3,4,0,1
245,3,4,0,1
246,3,0,0,0
279,3,0,0,0
219,3,4,0,1
220,3,0,0,0
280,3,0,0,0
281,3,0,0,0
282,3,0,0,0
224,3,4,0,1
226,3,0,0,0
283,3,4,0,1
284,3,4,0,1
285,3,4,0,1
286,4,4,0,1
264,4,4,0,1
287,4,4,0,1
195,4,4,0,1
196,4,4,4,2
229,4,0,0,0
201,4,4,0,1
269,4,4,0,1
288,4,4,0,1
236,4,4,0,1
212,4,4,0,1
289,4,4,0,1
277,4,4,0,1
290,4,4,0,1
244,4,4,4,2
221,4,4,0,1
223,4,0,0,0
225,4,4,0,1
291,4,4,0,1
284,4,4,0,1
292,4,4,0,1
228,4,4,0,1
199,4,0,0,0
230,4,4,0,1
293,4,0,0,0
294,4,4,0,1
202,4,4,0,1
270,4,4,0,1
231,4,4,0,1
206,4,0,0,0
208,4,0,0,0
295,4,0,0,0
209,4,0,0,0
235,4,4,0,1
237,4,0,0,0
296,4,4,0,1
297,4,4,0,1
298,4,4,0,1
275,4,0,0,0
242,4,4,0,1
216,4,4,0,1
246,4,4,0,1
217,4,4,0,1
279,4,4,0,1
219,4,0,0,0
220,4,4,0,1
261,4,4,0,1
264,5,4,4,2
229,5,0,4,2
267,5,4,0,1
299,5,4,0,1
300,5,0,0,0
201,5,4,4,2
202,5,4,4,2
203,5,4,0,1
301,5,4,0,1
302,5,4,0,1
204,5,4,4,2
269,5,4,0,1
205,5,4,4,2
303,5,4,0,1
206,5,4,0,1
271,5,4,0,1
207,5,4,0,1
208,5,4,4,2
252,5,4,0,1
209,5,4,4,2
211,5,4,0,1
253,5,4,0,1
236,5,4,4,2
212,5,4,4,2
298,5,4,0,1
275,5,4,0,1
255,5,4,4,2
304,5,4,4,2
240,5,4,0,1
290,5,4,0,1
278,5,4,0,1
305,5,4,4,2
242,5,4,4,2
306,5,4,0,1
256,5,4,4,2
215,5,0,4,2
258,5,4,0,1
307,5,4,4,2
308,5,0,4,2
217,5,4,4,2
220,5,4,4,2
309,5,4,0,1
310,5,4,4,2
311,5,4,4,2
247,5,4,0,1
312,5,4,0,1
313,5,4,4,2
260,5,4,4,2
314,5,4,4,2
248,5,4,4,2
224,5,4,0,1
225,5,4,4,2
226,5,4,0,1
227,5,4,0,1
265,5,4,0,1
196,5,4,0,1
228,5,4,0,1
197,5,4,0,1
315,5,4,0,1
316,5,4,0,1
199,5,0,0,0
230,5,4,0,1
294,5,4,0,1
317,5,4,0,1
270,5,4,0,1
231,5,4,0,1
272,5,4,0,1
232,5,4,0,1
233,5,4,0,1
234,5,4,0,1
235,5,4,0,1
237,5,4,0,1
297,5,4,0,1
238,5,4,0,1
239,5,4,0,1
241,5,4,0,1
214,5,4,0,1
243,5,4,0,1
244,5,4,0,1
318,5,4,0,1
319,5,4,0,1
216,5,4,0,1
245,5,4,0,1
246,5,4,0,1
279,5,4,0,1
221,5,4,0,1
280,5,4,0,1
222,5,4,0,1
320,5,4,0,1
249,5,4,0,1
261,5,4,0,1
283,5,4,0,1
251,5,4,0,1
227,7,12,12,2
286,7,10,12,2
264,7,12,4,1
287,7,9,8,1
292,7,12,8,1
195,7,12,4,1
265,7,12,12,2
196,7,12,12,2
266,7,8,8,1
228,7,12,12,2
197,7,12,12,2
315,7,8,8,1
321,7,12,12,2
322,7,12,12,2
229,7,12,12,2
267,7,12,12,2
316,7,9,8,1
299,7,10,8,1
300,7,8,8,1
198,7,12,8,1
199,7,12,8,1
323,7,12,12,2
324,7,5,12,2
200,7,12,12,2
268,7,9,12,2
230,7,10,12,2
293,7,12,8,1
294,7,12,9,1
201,7,5,12,2
202,7,9,12,2
203,7,9,8,1
301,7,9,8,1
302,7,12,12,2
204,7,8,8,1
269,7,12,12,2
317,7,12,8,1
325,7,12,9,1
205,7,12,12,2
270,7,8,4,1
231,7,12,9,1
303,7,12,12,2
326,7,12,12,2
206,7,12,8,1
271,7,12,9,1
327,7,10,8,1
272,7,10,8,1
328,7,12,8,1
232,7,12,12,2
207,7,12,8,1
208,7,12,8,1
252,7,12,12,2
295,7,12,12,2
209,7,12,12,2
329,7,8,12,2
233,7,10,12,2
234,7,12,12,2
210,7,9,12,2
211,7,12,8,1
273,7,12,12,2
235,7,5,4,0
330,7,12,12,2
253,7,12,12,2
288,7,5,4,0
236,7,12,12,2
237,7,12,12,2
331,7,12,8,1
296,7,12,12,2
212,7,12,8,1
274,7,12,12,2
332,7,10,12,2
213,7,12,12,2
289,7,9,0,0
254,7,12,12,2
297,7,12,12,2
238,7,12,12,2
298,7,12,12,2
333,7,4,8,1
275,7,12,12,2
255,7,12,12,2
304,7,12,12,2
334,7,5,12,2
239,7,12,12,2
335,7,12,12,2
276,7,12,8,1
277,7,12,9,1
240,7,12,12,2
290,7,10,12,2
336,7,12,8,1
241,7,12,8,1
278,7,12,12,2
305,7,12,0,1
337,7,12,12,2
214,7,12,12,2
242,7,9,12,2
243,7,12,12,2
244,7,12,12,2
318,7,8,12,2
306,7,12,12,2
256,7,12,8,1
257,7,12,12,2
338,7,12,12,2
215,7,12,12,2
339,7,12,12,2
340,7,12,12,2
258,7,12,12,2
341,7,12,12,2
307,7,12,12,2
319,7,12,12,2
216,7,12,9,1
308,7,10,9,1
245,7,12,12,2
246,7,8,12,2
217,7,12,8,1
218,7,12,12,2
279,7,12,12,2
219,7,12,12,2
342,7,8,8,1
343,7,12,12,2
259,7,0,4,0
220,7,12,8,1
344,7,8,12,2
221,7,9,12,2
309,7,9,12,2
280,7,12,12,2
345,7,12,12,2
222,7,9,8,1
310,7,9,9,1
311,7,8,8,1
247,7,8,12,2
223,7,12,12,2
281,7,8,4,1
312,7,12,12,2
313,7,12,8,1
346,7,12,12,2
347,7,12,8,1
320,7,12,12,2
260,7,12,12,2
314,7,12,12,2
282,7,0,8,0
248,7,9,12,2
249,7,12,12,2
224,7,12,12,2
348,7,12,12,2
261,7,12,12,2
250,7,12,8,1
262,7,10,12,2
225,7,12,12,2
291,7,12,8,1
226,7,12,12,2
349,7,12,12,2
283,7,9,12,2
284,7,12,12,2
251,7,9,12,2
263,7,10,12,2
285,7,12,12,2
227,8,4,4,2
286,8,4,4,2
264,8,0,4,2
287,8,4,4,2
292,8,8,4,2
195,8,12,4,2
265,8,0,0,0
196,8,4,4,2
266,8,0,4,2
228,8,4,4,2
197,8,5,4,2
315,8,4,4,2
321,8,12,4,2
322,8,12,4,2
229,8,8,4,2
267,8,9,4,2
316,8,4,0,0
299,8,4,4,2
300,8,9,4,2
198,8,5,0,0
199,8,9,0,0
323,8,8,4,2
324,8,0,4,2
200,8,4,4,2
268,8,4,0,0
230,8,4,0,0
293,8,0,4,2
294,8,4,4,2
201,8,4,0,0
202,8,4,4,2
203,8,5,4,2
301,8,0,0,0
302,8,4,4,2
204,8,0,4,2
269,8,12,4,2
317,8,4,4,2
325,8,5,4,2
205,8,9,4,2
270,8,0,4,2
231,8,8,4,2
303,8,5,4,2
326,8,0,4,2
206,8,9,0,0
271,8,4,4,2
327,8,4,4,2
272,8,4,4,2
328,8,9,4,2
232,8,8,4,2
207,8,9,4,2
208,8,4,4,2
252,8,0,4,2
295,8,4,4,2
209,8,8,4,2
329,8,4,4,2
233,8,5,4,2
234,8,10,4,2
210,8,4,4,2
211,8,4,4,2
273,8,12,4,2
235,8,5,4,2
330,8,0,4,2
253,8,4,4,2
288,8,0,0,0
236,8,4,4,2
237,8,8,4,2
331,8,4,4,2
296,8,12,4,2
212,8,8,0,0
274,8,12,4,2
332,8,4,0,0
213,8,12,4,2
289,8,4,0,0
254,8,9,4,2
297,8,4,4,2
238,8,8,4,2
298,8,0,4,2
333,8,4,4,2
275,8,8,4,2
255,8,8,4,2
304,8,12,0,1
334,8,0,4,2
239,8,12,0,1
335,8,4,4,2
276,8,8,4,2
277,8,0,4,2
240,8,4,4,2
290,8,0,4,2
336,8,4,4,2
241,8,5,4,2
278,8,9,4,2
305,8,4,4,2
337,8,9,4,2
214,8,12,4,2
242,8,9,4,2
243,8,12,4,2
244,8,0,4,2
318,8,0,0,0
306,8,4,4,2
256,8,9,4,2
257,8,12,4,2
338,8,8,4,2
215,8,10,4,2
339,8,4,4,2
340,8,4,4,2
258,8,9,4,2
341,8,5,4,2
307,8,8,4,2
319,8,8,4,2
216,8,5,4,2
308,8,4,4,2
245,8,9,4,2
246,8,8,4,2
217,8,0,4,2
218,8,4,4,2
279,8,0,4,2
219,8,12,4,2
342,8,8,0,0
343,8,9,4,2
259,8,0,0,0
220,8,9,0,0
344,8,0,4,2
221,8,0,4,2
309,8,0,4,2
280,8,4,4,2
345,8,4,4,2
222,8,0,4,2
310,8,9,4,2
311,8,8,4,2
247,8,0,4,2
223,8,9,4,2
281,8,0,4,2
312,8,9,4,2
313,8,0,4,2
346,8,4,4,2
347,8,0,4,2
320,8,0,0,0
260,8,12,4,2
314,8,8,4,2
282,8,4,4,2
248,8,0,0,0
249,8,4,4,2
224,8,12,4,2
348,8,9,4,2
261,8,9,4,2
250,8,8,4,2
262,8,0,4,2
225,8,12,4,2
291,8,4,4,2
226,8,8,4,2
349,8,4,4,2
283,8,0,4,2
284,8,8,4,2
251,8,4,4,2
263,8,4,4,2
285,8,4,4,2
227,9,4,12,2
286,9,4,12,2
264,9,0,12,2
287,9,0,12,2
292,9,4,12,2
195,9,4,12,2
265,9,4,8,1
196,9,0,9,1
266,9,4,8,1
228,9,4,12,2
197,9,0,12,2
315,9,4,12,2
321,9,4,12,2
322,9,4,12,2
229,9,4,12,2
267,9,4,12,2
316,9,4,8,1
299,9,4,12,2
300,9,0,12,2
198,9,0,9,1
199,9,4,8,1
323,9,4,12,2
324,9,0,12,2
200,9,4,12,2
268,9,4,8,1
230,9,0,8,1
293,9,0,12,2
294,9,0,12,2
201,9,0,8,1
202,9,4,12,2
203,9,0,8,1
301,9,0,4,1
302,9,0,12,2
204,9,4,12,2
269,9,4,12,2
317,9,0,12,2
325,9,0,12,2
205,9,4,12,2
270,9,0,8,1
231,9,4,12,2
303,9,4,12,2
326,9,0,8,1
206,9,0,4,1
271,9,4,12,2
327,9,4,12,2
272,9,0,8,1
328,9,4,12,2
232,9,4,12,2
207,9,4,12,2
208,9,4,12,2
252,9,4,12,2
295,9,0,12,2
209,9,4,12,2
329,9,4,12,2
233,9,4,12,2
234,9,4,12,2
210,9,0,12,2
211,9,0,8,1
273,9,4,12,2
235,9,0,12,2
330,9,0,8,1
253,9,4,12,2
288,9,4,0,1
236,9,4,12,2
237,9,0,12,2
331,9,4,12,2
296,9,4,12,2
212,9,0,8,1
274,9,4,12,2
332,9,4,8,1
213,9,4,12,2
289,9,0,0,0
254,9,4,12,2
297,9,4,12,2
238,9,4,12,2
298,9,0,12,2
333,9,0,12,2
275,9,4,12,2
255,9,4,12,2
304,9,4,9,1
334,9,0,12,2
239,9,4,9,1
335,9,4,12,2
276,9,4,12,2
277,9,4,12,2
240,9,0,12,2
290,9,4,12,2
336,9,4,12,2
241,9,4,12,2
278,9,4,12,2
305,9,4,4,1
337,9,0,10,1
214,9,4,12,2
242,9,4,12,2
243,9,4,12,2
244,9,4,12,2
318,9,0,4,1
306,9,4,9,1
256,9,0,12,2
257,9,4,12,2
338,9,4,8,1
215,9,4,12,2
339,9,4,12,2
340,9,4,12,2
258,9,0,12,2
341,9,0,12,2
307,9,4,12,2
319,9,4,12,2
216,9,4,12,2
308,9,0,9,1
245,9,4,12,2
246,9,0,12,2
217,9,0,12,2
218,9,4,12,2
279,9,0,12,2
219,9,4,12,2
342,9,0,8,1
343,9,4,12,2
259,9,0,4,1
220,9,4,9,1
344,9,4,12,2
221,9,0,8,1
309,9,0,12,2
280,9,0,12,2
345,9,4,12,2
222,9,0,9,1
310,9,0,12,2
311,9,4,12,2
247,9,4,8,1
223,9,4,12,2
281,9,0,12,2
312,9,4,12,2
313,9,4,12,2
346,9,4,12,2
347,9,4,12,2
320,9,4,8,1
260,9,4,12,2
314,9,4,12,2
282,9,0,12,2
248,9,0,8,1
249,9,0,9,1
224,9,4,12,2
348,9,4,12,2
261,9,4,12,2
250,9,4,12,2
262,9,0,12,2
225,9,4,12,2
291,9,0,8,1
226,9,4,12,2
349,9,0,12,2
283,9,0,12,2
284,9,4,12,2
251,9,4,12,2
263,9,4,12,2
285,9,4,12,2
350,3,0,0,0
351,3,4,0,1
352,3,0,0,0
353,3,4,0,1
354,3,4,0,1
355,3,4,0,1
356,3,4,0,1
357,3,0,0,0
358,3,4,0,1
359,3,4,0,1
360,3,4,0,1
361,3,4,0,1
362,3,0,0,0
363,3,4,0,1
364,3,4,0,1
365,3,0,0,0
366,3,4,0,1
367,3,4,0,1
368,3,4,0,1
369,3,0,0,0
370,3,0,0,0
371,3,4,0,1
372,3,4,0,1
373,3,4,0,1
374,3,4,0,1
375,3,0,0,0
376,3,0,0,0
377,3,0,0,0
378,3,4,0,1
379,3,4,0,1
380,3,4,0,1
381,3,4,0,1
382,3,4,0,1
383,3,4,0,1
384,3,0,0,0
385,3,4,0,1
386,3,0,0,0
387,3,4,0,1
388,3,0,0,0
389,3,4,0,1
390,3,4,0,1
391,3,4,0,1
392,3,4,0,1
393,3,4,0,1
394,3,4,0,1
395,3,4,0,1
396,3,0,0,0
397,3,0,0,0
398,3,4,0,1
399,3,4,0,1
400,3,0,0,0
401,3,4,0,1
402,3,0,0,0
403,3,0,0,0
404,3,0,0,0
405,3,4,0,1
406,3,4,0,1
407,3,4,0,1
408,3,4,0,1
350,7,8,5,1
409,7,8,8,2
410,7,5,8,2
411,7,4,8,2
412,7,4,8,2
413,7,8,8,2
414,7,8,8,2
351,7,8,8,2
415,7,8,4,1
352,7,5,8,2
416,7,5,8,2
417,7,8,8,2
353,7,5,8,2
418,7,4,8,2
419,7,8,4,1
420,7,8,4,1
421,7,8,8,2
354,7,8,8,2
422,7,4,8,2
423,7,8,8,2
424,7,8,8,2
425,7,8,8,2
426,7,8,8,2
427,7,5,8,2
428,7,8,8,2
355,7,0,8,2
429,7,8,8,2
430,7,4,8,2
356,7,4,8,2
431,7,8,8,2
432,7,8,8,2
357,7,8,8,2
358,7,8,8,2
359,7,4,8,2
433,7,8,8,2
434,7,5,8,2
435,7,5,8,2
436,7,0,4,0
360,7,5,8,2
437,7,4,8,2
438,7,0,8,2
439,7,4,8,2
361,7,8,8,2
440,7,4,8,2
362,7,4,4,1
363,7,4,8,2
364,7,8,8,2
365,7,8,8,2
441,7,8,8,2
442,7,4,8,2
366,7,8,8,2
443,7,4,8,2
444,7,8,8,2
445,7,8,8,2
367,7,8,8,2
446,7,0,8,2
368,7,8,8,2
447,7,8,8,2
448,7,4,8,2
449,7,8,8,2
450,7,8,8,2
451,7,0,8,2
369,7,0,8,2
452,7,4,8,2
370,7,5,8,2
453,7,0,5,0
454,7,0,8,2
455,7,4,8,2
456,7,0,8,2
457,7,4,8,2
371,7,8,8,2
458,7,4,8,2
459,7,8,8,2
460,7,4,8,2
372,7,4,8,2
461,7,4,8,2
462,7,8,8,2
463,7,8,8,2
464,7,8,8,2
465,7,8,8,2
466,7,5,8,2
467,7,8,0,1
468,7,8,8,2
469,7,8,8,2
470,7,4,8,2
373,7,8,8,2
471,7,8,8,2
374,7,8,8,2
472,7,5,8,2
473,7,0,4,0
375,7,0,4,0
376,7,4,8,2
474,7,8,8,2
475,7,8,8,2
476,7,8,8,2
377,7,4,0,0
477,7,8,8,2
378,7,8,8,2
379,7,8,8,2
478,7,8,8,2
479,7,8,8,2
480,7,8,8,2
380,7,8,8,2
481,7,8,8,2
482,7,4,8,2
381,7,8,8,2
483,7,8,8,2
382,7,8,8,2
383,7,8,8,2
384,7,4,8,2
385,7,8,8,2
484,7,8,8,2
485,7,8,8,2
486,7,8,8,2
487,7,8,8,2
386,7,0,8,2
387,7,4,8,2
388,7,8,8,2
389,7,8,8,2
488,7,8,8,2
489,7,8,8,2
390,7,8,8,2
391,7,8,8,2
490,7,4,8,2
491,7,4,8,2
492,7,8,8,2
493,7,8,8,2
494,7,8,8,2
495,7,8,8,2
496,7,8,8,2
497,7,4,8,2
498,7,8,8,2
392,7,8,8,2
393,7,8,8,2
499,7,8,8,2
500,7,8,8,2
394,7,8,8,2
395,7,8,8,2
396,7,0,8,2
397,7,4,0,0
501,7,8,8,2
502,7,8,8,2
503,7,4,8,2
398,7,5,8,2
399,7,5,8,2
504,7,0,8,2
400,7,4,8,2
505,7,4,8,2
401,7,4,8,2
402,7,5,4,1
506,7,8,8,2
403,7,5,8,2
507,7,0,8,2
508,7,8,8,2
509,7,8,8,2
510,7,4,8,2
404,7,4,8,2
511,7,8,8,2
512,7,8,8,2
405,7,5,8,2
406,7,4,8,2
513,7,8,8,2
407,7,8,8,2
514,7,4,8,2
408,7,4,8,2
350,8,8,0,1
409,8,4,4,1
410,8,4,4,1
411,8,4,4,1
412,8,4,4,1
413,8,8,4,1
414,8,4,4,1
351,8,8,4,1
415,8,5,4,1
352,8,8,0,1
416,8,5,4,1
417,8,4,4,1
353,8,5,4,1
418,8,8,4,1
419,8,8,4,1
420,8,8,4,1
421,8,8,4,1
354,8,8,5,1
422,8,8,5,1
423,8,8,4,1
424,8,5,4,1
425,8,8,4,1
426,8,4,4,1
427,8,8,4,1
428,8,4,4,1
355,8,4,4,1
429,8,8,4,1
430,8,8,4,1
356,8,4,4,1
431,8,8,5,1
432,8,8,4,1
357,8,8,0,1
358,8,5,5,1
359,8,0,4,0
433,8,8,4,1
434,8,8,4,1
435,8,8,4,1
436,8,0,0,0
360,8,8,4,1
437,8,4,4,1
438,8,0,5,0
439,8,8,4,1
361,8,8,4,1
440,8,4,4,1
362,8,0,0,0
363,8,0,4,0
364,8,8,4,1
365,8,8,5,1
441,8,5,4,1
442,8,4,5,1
366,8,8,5,1
443,8,8,4,1
444,8,8,4,1
445,8,8,5,1
367,8,8,0,1
446,8,0,4,0
368,8,8,4,1
447,8,4,0,0
448,8,5,0,0
449,8,8,4,1
450,8,8,0,1
451,8,4,4,1
369,8,4,4,1
452,8,4,4,1
370,8,8,4,1
453,8,0,0,0
454,8,4,4,1
455,8,4,4,1
456,8,4,4,1
457,8,8,4,1
371,8,8,4,1
458,8,8,4,1
459,8,5,4,1
460,8,8,4,1
372,8,4,5,1
461,8,8,4,1
462,8,8,4,1
463,8,8,5,1
464,8,8,4,1
465,8,8,4,1
466,8,8,4,1
467,8,8,0,1
468,8,4,4,1
469,8,8,4,1
470,8,0,4,0
373,8,8,4,1
471,8,8,4,1
374,8,8,4,1
472,8,8,0,1
473,8,0,4,0
375,8,0,4,0
376,8,4,4,1
474,8,8,0,1
475,8,8,4,1
476,8,4,4,1
377,8,4,0,0
477,8,8,5,1
378,8,4,4,1
379,8,8,5,1
478,8,5,4,1
479,8,8,4,1
480,8,8,4,1
380,8,8,4,1
481,8,5,4,1
482,8,4,4,1
381,8,8,4,1
483,8,4,4,1
382,8,8,4,1
383,8,4,4,1
384,8,8,0,1
385,8,8,4,1
484,8,4,4,1
485,8,8,4,1
486,8,8,4,1
487,8,8,4,1
386,8,0,0,0
387,8,8,4,1
388,8,4,4,1
389,8,8,4,1
488,8,8,4,1
489,8,8,4,1
390,8,8,4,1
391,8,8,4,1
490,8,0,0,0
491,8,8,4,1
492,8,8,4,1
493,8,8,0,1
494,8,4,4,1
495,8,8,4,1
496,8,8,4,1
497,8,4,4,1
498,8,8,0,1
392,8,8,0,1
393,8,8,5,1
499,8,8,4,1
500,8,4,4,1
394,8,8,4,1
395,8,8,4,1
396,8,4,4,1
397,8,4,4,1
501,8,8,4,1
502,8,8,4,1
503,8,4,4,1
398,8,4,0,0
399,8,5,4,1
504,8,0,4,0
400,8,8,4,1
505,8,8,4,1
401,8,0,4,0
402,8,8,4,1
506,8,8,4,1
403,8,8,5,1
507,8,0,4,0
508,8,8,4,1
509,8,4,4,1
510,8,0,4,0
404,8,4,0,0
511,8,8,4,1
512,8,8,4,1
405,8,4,4,1
406,8,0,0,0
513,8,8,5,1
407,8,8,4,1
514,8,8,4,1
408,8,4,4,1
350,9,4,4,2
409,9,4,4,2
410,9,4,4,2
411,9,4,4,2
412,9,0,4,2
413,9,4,4,2
414,9,4,4,2
351,9,4,4,2
415,9,4,4,2
352,9,0,4,2
416,9,4,4,2
417,9,0,4,2
353,9,0,4,2
418,9,0,4,2
419,9,4,4,2
420,9,0,4,2
421,9,0,4,2
354,9,4,4,2
422,9,0,4,2
423,9,4,4,2
424,9,4,4,2
425,9,0,4,2
426,9,4,4,2
427,9,4,4,2
428,9,0,4,2
355,9,4,4,2
429,9,4,4,2
430,9,4,4,2
356,9,0,4,2
431,9,4,4,2
432,9,4,4,2
357,9,0,4,2
358,9,4,4,2
359,9,4,4,2
433,9,4,4,2
434,9,0,4,2
435,9,4,4,2
436,9,4,4,2
360,9,4,4,2
437,9,0,4,2
438,9,4,4,2
439,9,4,4,2
361,9,4,4,2
440,9,4,4,2
362,9,0,4,2
363,9,0,4,2
364,9,4,4,2
365,9,0,4,2
441,9,4,4,2
442,9,4,4,2
366,9,0,4,2
443,9,4,4,2
444,9,4,4,2
445,9,4,4,2
367,9,4,4,2
446,9,4,4,2
368,9,4,4,2
447,9,0,4,2
448,9,4,4,2
449,9,4,4,2
450,9,0,4,2
451,9,0,4,2
369,9,4,4,2
452,9,0,4,2
370,9,4,4,2
453,9,4,4,2
454,9,4,4,2
455,9,4,4,2
456,9,4,4,2
457,9,4,4,2
371,9,4,4,2
458,9,0,4,2
459,9,0,4,2
460,9,4,4,2
372,9,4,4,2
461,9,0,4,2
462,9,4,4,2
463,9,4,4,2
464,9,0,4,2
465,9,4,4,2
466,9,4,4,2
467,9,0,4,2
468,9,0,4,2
469,9,4,4,2
470,9,4,4,2
373,9,4,4,2
471,9,4,4,2
374,9,0,4,2
472,9,0,4,2
473,9,4,4,2
375,9,4,4,2
376,9,4,4,2
474,9,0,4,2
475,9,0,4,2
476,9,0,4,2
377,9,0,4,2
477,9,0,4,2
378,9,0,4,2
379,9,4,4,2
478,9,0,4,2
479,9,4,4,2
480,9,4,4,2
380,9,0,4,2
481,9,0,4,2
482,9,0,4,2
381,9,0,4,2
483,9,4,4,2
382,9,0,4,2
383,9,0,4,2
384,9,4,4,2
385,9,0,4,2
484,9,4,4,2
485,9,4,4,2
486,9,0,4,2
487,9,4,4,2
386,9,4,0,1
387,9,4,4,2
388,9,4,4,2
389,9,4,4,2
488,9,4,4,2
489,9,4,4,2
390,9,4,4,2
391,9,4,4,2
490,9,4,4,2
491,9,0,4,2
492,9,0,4,2
493,9,0,4,2
494,9,0,4,2
495,9,4,4,2
496,9,4,4,2
497,9,0,4,2
498,9,0,4,2
392,9,0,4,2
393,9,4,4,2
499,9,0,4,2
500,9,4,4,2
394,9,0,4,2
395,9,0,4,2
396,9,0,4,2
397,9,0,4,2
501,9,4,4,2
502,9,0,4,2
503,9,0,4,2
398,9,4,4,2
399,9,0,4,2
504,9,0,4,2
400,9,4,4,2
505,9,4,4,2
401,9,4,4,2
402,9,0,4,2
506,9,4,4,2
403,9,4,4,2
507,9,0,4,2
508,9,4,4,2
509,9,4,4,2
510,9,4,4,2
404,9,4,4,2
511,9,4,4,2
512,9,4,4,2
405,9,4,4,2
406,9,4,4,2
513,9,4,4,2
407,9,4,4,2
514,9,4,4,2
408,9,4,4,2
